Country 1,"Lorem ipsum dolor sit amet, consectetur adipiscing elit. Vestibulum mi nunc, faucibus sit amet ipsum id, tincidunt elementum erat. Integer suscipit ornare volutpat. Morbi a consequat diam. Suspendisse posuere felis ac mi molestie cursus. Integer suscipit lectus orci. In tempor condimentum ex, quis convallis lectus luctus id. Maecenas vel leo ultricies, varius leo quis, commodo nisi. Aliquam eu faucibus leo. Praesent porttitor interdum pretium. Pellentesque ut pretium eros. Proin nunc nulla, tristique ut efficitur id, feugiat vel massa. Maecenas a nunc et nunc sodales ultrices vitae ut magna. Nunc interdum dictum orci auctor luctus. Quisque ultrices quis nulla in tincidunt. Aenean convallis felis quam, id vestibulum est lobortis quis. Lorem ipsum dolor sit amet, consectetur adipiscing elit. Vestibulum mi nunc, faucibus sit amet ipsum id, tincidunt elementum erat. Integer suscipit ornare volutpat. Morbi a consequat diam. Suspendisse posuere felis ac mi molestie cursus. Integer suscipit lectus orci. In tempor condimentum ex, quis convallis lectus luctus id. Maecenas vel leo ultricies, varius leo quis, commodo nisi. Aliquam eu faucibus leo. Praesent porttitor interdum pretium. Pellentesque ut pretium eros. Proin nunc nulla, tristique ut efficitur id, feugiat vel massa. Maecenas a nunc et nunc sodales ultrices vitae ut magna. Nunc interdum dictum orci auctor luctus. Quisque ultrices quis nulla in tincidunt. Aenean convallis felis quam, id vestibulum est lobortis quis."
Country 2,"Lorem ipsum dolor sit amet, consectetur adipiscing elit. Vestibulum mi nunc, faucibus sit amet ipsum id, tincidunt elementum erat. Integer suscipit ornare volutpat. Morbi a consequat diam. Suspendisse posuere felis ac mi molestie cursus. Integer suscipit lectus orci. In tempor condimentum ex, quis convallis lectus luctus id. Maecenas vel leo ultricies, varius leo quis, commodo nisi. Aliquam eu faucibus leo. Praesent porttitor interdum pretium. Pellentesque ut pretium eros. Proin nunc nulla, tristique ut efficitur id, feugiat vel massa. Maecenas a nunc et nunc sodales ultrices vitae ut magna. Nunc interdum dictum orci auctor luctus. Quisque ultrices quis nulla in tincidunt. Aenean convallis felis quam, id vestibulum est lobortis quis. Lorem ipsum dolor sit amet, consectetur adipiscing elit. Vestibulum mi nunc, faucibus sit amet ipsum id, tincidunt elementum erat. Integer suscipit ornare volutpat. Morbi a consequat diam. Suspendisse posuere felis ac mi molestie cursus. Integer suscipit lectus orci. In tempor condimentum ex, quis convallis lectus luctus id. Maecenas vel leo ultricies, varius leo quis, commodo nisi. Aliquam eu faucibus leo. Praesent porttitor interdum pretium. Pellentesque ut pretium eros. Proin nunc nulla, tristique ut efficitur id, feugiat vel massa. Maecenas a nunc et nunc sodales ultrices vitae ut magna. Nunc interdum dictum orci auctor luctus. Quisque ultrices quis nulla in tincidunt. Aenean convallis felis quam, id vestibulum est lobortis quis."
Country 3,"Lorem ipsum dolor sit amet, consectetur adipiscing elit. Vestibulum mi nunc, faucibus sit amet ipsum id, tincidunt elementum erat. Integer suscipit ornare volutpat. Morbi a consequat diam. Suspendisse posuere felis ac mi molestie cursus. Integer suscipit lectus orci. In tempor condimentum ex, quis convallis lectus luctus id. Maecenas vel leo ultricies, varius leo quis, commodo nisi. Aliquam eu faucibus leo. Praesent porttitor interdum pretium. Pellentesque ut pretium eros. Proin nunc nulla, tristique ut efficitur id, feugiat vel massa. Maecenas a nunc et nunc sodales ultrices vitae ut magna. Nunc interdum dictum orci auctor luctus. Quisque ultrices quis nulla in tincidunt. Aenean convallis felis quam, id vestibulum est lobortis quis. Lorem ipsum dolor sit amet, consectetur adipiscing elit. Vestibulum mi nunc, faucibus sit amet ipsum id, tincidunt elementum erat. Integer suscipit ornare volutpat. Morbi a consequat diam. Suspendisse posuere felis ac mi molestie cursus. Integer suscipit lectus orci. In tempor condimentum ex, quis convallis lectus luctus id. Maecenas vel leo ultricies, varius leo quis, commodo nisi. Aliquam eu faucibus leo. Praesent porttitor interdum pretium. Pellentesque ut pretium eros. Proin nunc nulla, tristique ut efficitur id, feugiat vel massa. Maecenas a nunc et nunc sodales ultrices vitae ut magna. Nunc interdum dictum orci auctor luctus. Quisque ultrices quis nulla in tincidunt. Aenean convallis felis quam, id vestibulum est lobortis quis."
Country 4,"Lorem ipsum dolor sit amet, consectetur adipiscing elit. Vestibulum mi nunc, faucibus sit amet ipsum id, tincidunt elementum erat. Integer suscipit ornare volutpat. Morbi a consequat diam. Suspendisse posuere felis ac mi molestie cursus. Integer suscipit lectus orci. In tempor condimentum ex, quis convallis lectus luctus id. Maecenas vel leo ultricies, varius leo quis, commodo nisi. Aliquam eu faucibus leo. Praesent porttitor interdum pretium. Pellentesque ut pretium eros. Proin nunc nulla, tristique ut efficitur id, feugiat vel massa. Maecenas a nunc et nunc sodales ultrices vitae ut magna. Nunc interdum dictum orci auctor luctus. Quisque ultrices quis nulla in tincidunt. Aenean convallis felis quam, id vestibulum est lobortis quis. Lorem ipsum dolor sit amet, consectetur adipiscing elit. Vestibulum mi nunc, faucibus sit amet ipsum id, tincidunt elementum erat. Integer suscipit ornare volutpat. Morbi a consequat diam. Suspendisse posuere felis ac mi molestie cursus. Integer suscipit lectus orci. In tempor condimentum ex, quis convallis lectus luctus id. Maecenas vel leo ultricies, varius leo quis, commodo nisi. Aliquam eu faucibus leo. Praesent porttitor interdum pretium. Pellentesque ut pretium eros. Proin nunc nulla, tristique ut efficitur id, feugiat vel massa. Maecenas a nunc et nunc sodales ultrices vitae ut magna. Nunc interdum dictum orci auctor luctus. Quisque ultrices quis nulla in tincidunt. Aenean convallis felis quam, id vestibulum est lobortis quis."
Country 5,"Lorem ipsum dolor sit amet, consectetur adipiscing elit. Vestibulum mi nunc, faucibus sit amet ipsum id, tincidunt elementum erat. Integer suscipit ornare volutpat. Morbi a consequat diam. Suspendisse posuere felis ac mi molestie cursus. Integer suscipit lectus orci. In tempor condimentum ex, quis convallis lectus luctus id. Maecenas vel leo ultricies, varius leo quis, commodo nisi. Aliquam eu faucibus leo. Praesent porttitor interdum pretium. Pellentesque ut pretium eros. Proin nunc nulla, tristique ut efficitur id, feugiat vel massa. Maecenas a nunc et nunc sodales ultrices vitae ut magna. Nunc interdum dictum orci auctor luctus. Quisque ultrices quis nulla in tincidunt. Aenean convallis felis quam, id vestibulum est lobortis quis. Lorem ipsum dolor sit amet, consectetur adipiscing elit. Vestibulum mi nunc, faucibus sit amet ipsum id, tincidunt elementum erat. Integer suscipit ornare volutpat. Morbi a consequat diam. Suspendisse posuere felis ac mi molestie cursus. Integer suscipit lectus orci. In tempor condimentum ex, quis convallis lectus luctus id. Maecenas vel leo ultricies, varius leo quis, commodo nisi. Aliquam eu faucibus leo. Praesent porttitor interdum pretium. Pellentesque ut pretium eros. Proin nunc nulla, tristique ut efficitur id, feugiat vel massa. Maecenas a nunc et nunc sodales ultrices vitae ut magna. Nunc interdum dictum orci auctor luctus. Quisque ultrices quis nulla in tincidunt. Aenean convallis felis quam, id vestibulum est lobortis quis."
Country 6,"Lorem ipsum dolor sit amet, consectetur adipiscing elit. Vestibulum mi nunc, faucibus sit amet ipsum id, tincidunt elementum erat. Integer suscipit ornare volutpat. Morbi a consequat diam. Suspendisse posuere felis ac mi molestie cursus. Integer suscipit lectus orci. In tempor condimentum ex, quis convallis lectus luctus id. Maecenas vel leo ultricies, varius leo quis, commodo nisi. Aliquam eu faucibus leo. Praesent porttitor interdum pretium. Pellentesque ut pretium eros. Proin nunc nulla, tristique ut efficitur id, feugiat vel massa. Maecenas a nunc et nunc sodales ultrices vitae ut magna. Nunc interdum dictum orci auctor luctus. Quisque ultrices quis nulla in tincidunt. Aenean convallis felis quam, id vestibulum est lobortis quis. Lorem ipsum dolor sit amet, consectetur adipiscing elit. Vestibulum mi nunc, faucibus sit amet ipsum id, tincidunt elementum erat. Integer suscipit ornare volutpat. Morbi a consequat diam. Suspendisse posuere felis ac mi molestie cursus. Integer suscipit lectus orci. In tempor condimentum ex, quis convallis lectus luctus id. Maecenas vel leo ultricies, varius leo quis, commodo nisi. Aliquam eu faucibus leo. Praesent porttitor interdum pretium. Pellentesque ut pretium eros. Proin nunc nulla, tristique ut efficitur id, feugiat vel massa. Maecenas a nunc et nunc sodales ultrices vitae ut magna. Nunc interdum dictum orci auctor luctus. Quisque ultrices quis nulla in tincidunt. Aenean convallis felis quam, id vestibulum est lobortis quis."
Country 7,"Lorem ipsum dolor sit amet, consectetur adipiscing elit. Vestibulum mi nunc, faucibus sit amet ipsum id, tincidunt elementum erat. Integer suscipit ornare volutpat. Morbi a consequat diam. Suspendisse posuere felis ac mi molestie cursus. Integer suscipit lectus orci. In tempor condimentum ex, quis convallis lectus luctus id. Maecenas vel leo ultricies, varius leo quis, commodo nisi. Aliquam eu faucibus leo. Praesent porttitor interdum pretium. Pellentesque ut pretium eros. Proin nunc nulla, tristique ut efficitur id, feugiat vel massa. Maecenas a nunc et nunc sodales ultrices vitae ut magna. Nunc interdum dictum orci auctor luctus. Quisque ultrices quis nulla in tincidunt. Aenean convallis felis quam, id vestibulum est lobortis quis. Lorem ipsum dolor sit amet, consectetur adipiscing elit. Vestibulum mi nunc, faucibus sit amet ipsum id, tincidunt elementum erat. Integer suscipit ornare volutpat. Morbi a consequat diam. Suspendisse posuere felis ac mi molestie cursus. Integer suscipit lectus orci. In tempor condimentum ex, quis convallis lectus luctus id. Maecenas vel leo ultricies, varius leo quis, commodo nisi. Aliquam eu faucibus leo. Praesent porttitor interdum pretium. Pellentesque ut pretium eros. Proin nunc nulla, tristique ut efficitur id, feugiat vel massa. Maecenas a nunc et nunc sodales ultrices vitae ut magna. Nunc interdum dictum orci auctor luctus. Quisque ultrices quis nulla in tincidunt. Aenean convallis felis quam, id vestibulum est lobortis quis."
Country 8,"Lorem ipsum dolor sit amet, consectetur adipiscing elit. Vestibulum mi nunc, faucibus sit amet ipsum id, tincidunt elementum erat. Integer suscipit ornare volutpat. Morbi a consequat diam. Suspendisse posuere felis ac mi molestie cursus. Integer suscipit lectus orci. In tempor condimentum ex, quis convallis lectus luctus id. Maecenas vel leo ultricies, varius leo quis, commodo nisi. Aliquam eu faucibus leo. Praesent porttitor interdum pretium. Pellentesque ut pretium eros. Proin nunc nulla, tristique ut efficitur id, feugiat vel massa. Maecenas a nunc et nunc sodales ultrices vitae ut magna. Nunc interdum dictum orci auctor luctus. Quisque ultrices quis nulla in tincidunt. Aenean convallis felis quam, id vestibulum est lobortis quis. Lorem ipsum dolor sit amet, consectetur adipiscing elit. Vestibulum mi nunc, faucibus sit amet ipsum id, tincidunt elementum erat. Integer suscipit ornare volutpat. Morbi a consequat diam. Suspendisse posuere felis ac mi molestie cursus. Integer suscipit lectus orci. In tempor condimentum ex, quis convallis lectus luctus id. Maecenas vel leo ultricies, varius leo quis, commodo nisi. Aliquam eu faucibus leo. Praesent porttitor interdum pretium. Pellentesque ut pretium eros. Proin nunc nulla, tristique ut efficitur id, feugiat vel massa. Maecenas a nunc et nunc sodales ultrices vitae ut magna. Nunc interdum dictum orci auctor luctus. Quisque ultrices quis nulla in tincidunt. Aenean convallis felis quam, id vestibulum est lobortis quis."
Country 9,"Lorem ipsum dolor sit amet, consectetur adipiscing elit. Vestibulum mi nunc, faucibus sit amet ipsum id, tincidunt elementum erat. Integer suscipit ornare volutpat. Morbi a consequat diam. Suspendisse posuere felis ac mi molestie cursus. Integer suscipit lectus orci. In tempor condimentum ex, quis convallis lectus luctus id. Maecenas vel leo ultricies, varius leo quis, commodo nisi. Aliquam eu faucibus leo. Praesent porttitor interdum pretium. Pellentesque ut pretium eros. Proin nunc nulla, tristique ut efficitur id, feugiat vel massa. Maecenas a nunc et nunc sodales ultrices vitae ut magna. Nunc interdum dictum orci auctor luctus. Quisque ultrices quis nulla in tincidunt. Aenean convallis felis quam, id vestibulum est lobortis quis. Lorem ipsum dolor sit amet, consectetur adipiscing elit. Vestibulum mi nunc, faucibus sit amet ipsum id, tincidunt elementum erat. Integer suscipit ornare volutpat. Morbi a consequat diam. Suspendisse posuere felis ac mi molestie cursus. Integer suscipit lectus orci. In tempor condimentum ex, quis convallis lectus luctus id. Maecenas vel leo ultricies, varius leo quis, commodo nisi. Aliquam eu faucibus leo. Praesent porttitor interdum pretium. Pellentesque ut pretium eros. Proin nunc nulla, tristique ut efficitur id, feugiat vel massa. Maecenas a nunc et nunc sodales ultrices vitae ut magna. Nunc interdum dictum orci auctor luctus. Quisque ultrices quis nulla in tincidunt. Aenean convallis felis quam, id vestibulum est lobortis quis."
Country 10,"Lorem ipsum dolor sit amet, consectetur adipiscing elit. Vestibulum mi nunc, faucibus sit amet ipsum id, tincidunt elementum erat. Integer suscipit ornare volutpat. Morbi a consequat diam. Suspendisse posuere felis ac mi molestie cursus. Integer suscipit lectus orci. In tempor condimentum ex, quis convallis lectus luctus id. Maecenas vel leo ultricies, varius leo quis, commodo nisi. Aliquam eu faucibus leo. Praesent porttitor interdum pretium. Pellentesque ut pretium eros. Proin nunc nulla, tristique ut efficitur id, feugiat vel massa. Maecenas a nunc et nunc sodales ultrices vitae ut magna. Nunc interdum dictum orci auctor luctus. Quisque ultrices quis nulla in tincidunt. Aenean convallis felis quam, id vestibulum est lobortis quis. Lorem ipsum dolor sit amet, consectetur adipiscing elit. Vestibulum mi nunc, faucibus sit amet ipsum id, tincidunt elementum erat. Integer suscipit ornare volutpat. Morbi a consequat diam. Suspendisse posuere felis ac mi molestie cursus. Integer suscipit lectus orci. In tempor condimentum ex, quis convallis lectus luctus id. Maecenas vel leo ultricies, varius leo quis, commodo nisi. Aliquam eu faucibus leo. Praesent porttitor interdum pretium. Pellentesque ut pretium eros. Proin nunc nulla, tristique ut efficitur id, feugiat vel massa. Maecenas a nunc et nunc sodales ultrices vitae ut magna. Nunc interdum dictum orci auctor luctus. Quisque ultrices quis nulla in tincidunt. Aenean convallis felis quam, id vestibulum est lobortis quis."
Country 11,"Lorem ipsum dolor sit amet, consectetur adipiscing elit. Vestibulum mi nunc, faucibus sit amet ipsum id, tincidunt elementum erat. Integer suscipit ornare volutpat. Morbi a consequat diam. Suspendisse posuere felis ac mi molestie cursus. Integer suscipit lectus orci. In tempor condimentum ex, quis convallis lectus luctus id. Maecenas vel leo ultricies, varius leo quis, commodo nisi. Aliquam eu faucibus leo. Praesent porttitor interdum pretium. Pellentesque ut pretium eros. Proin nunc nulla, tristique ut efficitur id, feugiat vel massa. Maecenas a nunc et nunc sodales ultrices vitae ut magna. Nunc interdum dictum orci auctor luctus. Quisque ultrices quis nulla in tincidunt. Aenean convallis felis quam, id vestibulum est lobortis quis. Lorem ipsum dolor sit amet, consectetur adipiscing elit. Vestibulum mi nunc, faucibus sit amet ipsum id, tincidunt elementum erat. Integer suscipit ornare volutpat. Morbi a consequat diam. Suspendisse posuere felis ac mi molestie cursus. Integer suscipit lectus orci. In tempor condimentum ex, quis convallis lectus luctus id. Maecenas vel leo ultricies, varius leo quis, commodo nisi. Aliquam eu faucibus leo. Praesent porttitor interdum pretium. Pellentesque ut pretium eros. Proin nunc nulla, tristique ut efficitur id, feugiat vel massa. Maecenas a nunc et nunc sodales ultrices vitae ut magna. Nunc interdum dictum orci auctor luctus. Quisque ultrices quis nulla in tincidunt. Aenean convallis felis quam, id vestibulum est lobortis quis."
Country 12,"Lorem ipsum dolor sit amet, consectetur adipiscing elit. Vestibulum mi nunc, faucibus sit amet ipsum id, tincidunt elementum erat. Integer suscipit ornare volutpat. Morbi a consequat diam. Suspendisse posuere felis ac mi molestie cursus. Integer suscipit lectus orci. In tempor condimentum ex, quis convallis lectus luctus id. Maecenas vel leo ultricies, varius leo quis, commodo nisi. Aliquam eu faucibus leo. Praesent porttitor interdum pretium. Pellentesque ut pretium eros. Proin nunc nulla, tristique ut efficitur id, feugiat vel massa. Maecenas a nunc et nunc sodales ultrices vitae ut magna. Nunc interdum dictum orci auctor luctus. Quisque ultrices quis nulla in tincidunt. Aenean convallis felis quam, id vestibulum est lobortis quis. Lorem ipsum dolor sit amet, consectetur adipiscing elit. Vestibulum mi nunc, faucibus sit amet ipsum id, tincidunt elementum erat. Integer suscipit ornare volutpat. Morbi a consequat diam. Suspendisse posuere felis ac mi molestie cursus. Integer suscipit lectus orci. In tempor condimentum ex, quis convallis lectus luctus id. Maecenas vel leo ultricies, varius leo quis, commodo nisi. Aliquam eu faucibus leo. Praesent porttitor interdum pretium. Pellentesque ut pretium eros. Proin nunc nulla, tristique ut efficitur id, feugiat vel massa. Maecenas a nunc et nunc sodales ultrices vitae ut magna. Nunc interdum dictum orci auctor luctus. Quisque ultrices quis nulla in tincidunt. Aenean convallis felis quam, id vestibulum est lobortis quis."
Country 13,"Lorem ipsum dolor sit amet, consectetur adipiscing elit. Vestibulum mi nunc, faucibus sit amet ipsum id, tincidunt elementum erat. Integer suscipit ornare volutpat. Morbi a consequat diam. Suspendisse posuere felis ac mi molestie cursus. Integer suscipit lectus orci. In tempor condimentum ex, quis convallis lectus luctus id. Maecenas vel leo ultricies, varius leo quis, commodo nisi. Aliquam eu faucibus leo. Praesent porttitor interdum pretium. Pellentesque ut pretium eros. Proin nunc nulla, tristique ut efficitur id, feugiat vel massa. Maecenas a nunc et nunc sodales ultrices vitae ut magna. Nunc interdum dictum orci auctor luctus. Quisque ultrices quis nulla in tincidunt. Aenean convallis felis quam, id vestibulum est lobortis quis. Lorem ipsum dolor sit amet, consectetur adipiscing elit. Vestibulum mi nunc, faucibus sit amet ipsum id, tincidunt elementum erat. Integer suscipit ornare volutpat. Morbi a consequat diam. Suspendisse posuere felis ac mi molestie cursus. Integer suscipit lectus orci. In tempor condimentum ex, quis convallis lectus luctus id. Maecenas vel leo ultricies, varius leo quis, commodo nisi. Aliquam eu faucibus leo. Praesent porttitor interdum pretium. Pellentesque ut pretium eros. Proin nunc nulla, tristique ut efficitur id, feugiat vel massa. Maecenas a nunc et nunc sodales ultrices vitae ut magna. Nunc interdum dictum orci auctor luctus. Quisque ultrices quis nulla in tincidunt. Aenean convallis felis quam, id vestibulum est lobortis quis."
Country 14,"Lorem ipsum dolor sit amet, consectetur adipiscing elit. Vestibulum mi nunc, faucibus sit amet ipsum id, tincidunt elementum erat. Integer suscipit ornare volutpat. Morbi a consequat diam. Suspendisse posuere felis ac mi molestie cursus. Integer suscipit lectus orci. In tempor condimentum ex, quis convallis lectus luctus id. Maecenas vel leo ultricies, varius leo quis, commodo nisi. Aliquam eu faucibus leo. Praesent porttitor interdum pretium. Pellentesque ut pretium eros. Proin nunc nulla, tristique ut efficitur id, feugiat vel massa. Maecenas a nunc et nunc sodales ultrices vitae ut magna. Nunc interdum dictum orci auctor luctus. Quisque ultrices quis nulla in tincidunt. Aenean convallis felis quam, id vestibulum est lobortis quis. Lorem ipsum dolor sit amet, consectetur adipiscing elit. Vestibulum mi nunc, faucibus sit amet ipsum id, tincidunt elementum erat. Integer suscipit ornare volutpat. Morbi a consequat diam. Suspendisse posuere felis ac mi molestie cursus. Integer suscipit lectus orci. In tempor condimentum ex, quis convallis lectus luctus id. Maecenas vel leo ultricies, varius leo quis, commodo nisi. Aliquam eu faucibus leo. Praesent porttitor interdum pretium. Pellentesque ut pretium eros. Proin nunc nulla, tristique ut efficitur id, feugiat vel massa. Maecenas a nunc et nunc sodales ultrices vitae ut magna. Nunc interdum dictum orci auctor luctus. Quisque ultrices quis nulla in tincidunt. Aenean convallis felis quam, id vestibulum est lobortis quis."
Country 15,"Lorem ipsum dolor sit amet, consectetur adipiscing elit. Vestibulum mi nunc, faucibus sit amet ipsum id, tincidunt elementum erat. Integer suscipit ornare volutpat. Morbi a consequat diam. Suspendisse posuere felis ac mi molestie cursus. Integer suscipit lectus orci. In tempor condimentum ex, quis convallis lectus luctus id. Maecenas vel leo ultricies, varius leo quis, commodo nisi. Aliquam eu faucibus leo. Praesent porttitor interdum pretium. Pellentesque ut pretium eros. Proin nunc nulla, tristique ut efficitur id, feugiat vel massa. Maecenas a nunc et nunc sodales ultrices vitae ut magna. Nunc interdum dictum orci auctor luctus. Quisque ultrices quis nulla in tincidunt. Aenean convallis felis quam, id vestibulum est lobortis quis. Lorem ipsum dolor sit amet, consectetur adipiscing elit. Vestibulum mi nunc, faucibus sit amet ipsum id, tincidunt elementum erat. Integer suscipit ornare volutpat. Morbi a consequat diam. Suspendisse posuere felis ac mi molestie cursus. Integer suscipit lectus orci. In tempor condimentum ex, quis convallis lectus luctus id. Maecenas vel leo ultricies, varius leo quis, commodo nisi. Aliquam eu faucibus leo. Praesent porttitor interdum pretium. Pellentesque ut pretium eros. Proin nunc nulla, tristique ut efficitur id, feugiat vel massa. Maecenas a nunc et nunc sodales ultrices vitae ut magna. Nunc interdum dictum orci auctor luctus. Quisque ultrices quis nulla in tincidunt. Aenean convallis felis quam, id vestibulum est lobortis quis."
Country 16,"Lorem ipsum dolor sit amet, consectetur adipiscing elit. Vestibulum mi nunc, faucibus sit amet ipsum id, tincidunt elementum erat. Integer suscipit ornare volutpat. Morbi a consequat diam. Suspendisse posuere felis ac mi molestie cursus. Integer suscipit lectus orci. In tempor condimentum ex, quis convallis lectus luctus id. Maecenas vel leo ultricies, varius leo quis, commodo nisi. Aliquam eu faucibus leo. Praesent porttitor interdum pretium. Pellentesque ut pretium eros. Proin nunc nulla, tristique ut efficitur id, feugiat vel massa. Maecenas a nunc et nunc sodales ultrices vitae ut magna. Nunc interdum dictum orci auctor luctus. Quisque ultrices quis nulla in tincidunt. Aenean convallis felis quam, id vestibulum est lobortis quis. Lorem ipsum dolor sit amet, consectetur adipiscing elit. Vestibulum mi nunc, faucibus sit amet ipsum id, tincidunt elementum erat. Integer suscipit ornare volutpat. Morbi a consequat diam. Suspendisse posuere felis ac mi molestie cursus. Integer suscipit lectus orci. In tempor condimentum ex, quis convallis lectus luctus id. Maecenas vel leo ultricies, varius leo quis, commodo nisi. Aliquam eu faucibus leo. Praesent porttitor interdum pretium. Pellentesque ut pretium eros. Proin nunc nulla, tristique ut efficitur id, feugiat vel massa. Maecenas a nunc et nunc sodales ultrices vitae ut magna. Nunc interdum dictum orci auctor luctus. Quisque ultrices quis nulla in tincidunt. Aenean convallis felis quam, id vestibulum est lobortis quis."
Country 17,"Lorem ipsum dolor sit amet, consectetur adipiscing elit. Vestibulum mi nunc, faucibus sit amet ipsum id, tincidunt elementum erat. Integer suscipit ornare volutpat. Morbi a consequat diam. Suspendisse posuere felis ac mi molestie cursus. Integer suscipit lectus orci. In tempor condimentum ex, quis convallis lectus luctus id. Maecenas vel leo ultricies, varius leo quis, commodo nisi. Aliquam eu faucibus leo. Praesent porttitor interdum pretium. Pellentesque ut pretium eros. Proin nunc nulla, tristique ut efficitur id, feugiat vel massa. Maecenas a nunc et nunc sodales ultrices vitae ut magna. Nunc interdum dictum orci auctor luctus. Quisque ultrices quis nulla in tincidunt. Aenean convallis felis quam, id vestibulum est lobortis quis. Lorem ipsum dolor sit amet, consectetur adipiscing elit. Vestibulum mi nunc, faucibus sit amet ipsum id, tincidunt elementum erat. Integer suscipit ornare volutpat. Morbi a consequat diam. Suspendisse posuere felis ac mi molestie cursus. Integer suscipit lectus orci. In tempor condimentum ex, quis convallis lectus luctus id. Maecenas vel leo ultricies, varius leo quis, commodo nisi. Aliquam eu faucibus leo. Praesent porttitor interdum pretium. Pellentesque ut pretium eros. Proin nunc nulla, tristique ut efficitur id, feugiat vel massa. Maecenas a nunc et nunc sodales ultrices vitae ut magna. Nunc interdum dictum orci auctor luctus. Quisque ultrices quis nulla in tincidunt. Aenean convallis felis quam, id vestibulum est lobortis quis."
Country 18,"Lorem ipsum dolor sit amet, consectetur adipiscing elit. Vestibulum mi nunc, faucibus sit amet ipsum id, tincidunt elementum erat. Integer suscipit ornare volutpat. Morbi a consequat diam. Suspendisse posuere felis ac mi molestie cursus. Integer suscipit lectus orci. In tempor condimentum ex, quis convallis lectus luctus id. Maecenas vel leo ultricies, varius leo quis, commodo nisi. Aliquam eu faucibus leo. Praesent porttitor interdum pretium. Pellentesque ut pretium eros. Proin nunc nulla, tristique ut efficitur id, feugiat vel massa. Maecenas a nunc et nunc sodales ultrices vitae ut magna. Nunc interdum dictum orci auctor luctus. Quisque ultrices quis nulla in tincidunt. Aenean convallis felis quam, id vestibulum est lobortis quis. Lorem ipsum dolor sit amet, consectetur adipiscing elit. Vestibulum mi nunc, faucibus sit amet ipsum id, tincidunt elementum erat. Integer suscipit ornare volutpat. Morbi a consequat diam. Suspendisse posuere felis ac mi molestie cursus. Integer suscipit lectus orci. In tempor condimentum ex, quis convallis lectus luctus id. Maecenas vel leo ultricies, varius leo quis, commodo nisi. Aliquam eu faucibus leo. Praesent porttitor interdum pretium. Pellentesque ut pretium eros. Proin nunc nulla, tristique ut efficitur id, feugiat vel massa. Maecenas a nunc et nunc sodales ultrices vitae ut magna. Nunc interdum dictum orci auctor luctus. Quisque ultrices quis nulla in tincidunt. Aenean convallis felis quam, id vestibulum est lobortis quis."
Country 19,"Lorem ipsum dolor sit amet, consectetur adipiscing elit. Vestibulum mi nunc, faucibus sit amet ipsum id, tincidunt elementum erat. Integer suscipit ornare volutpat. Morbi a consequat diam. Suspendisse posuere felis ac mi molestie cursus. Integer suscipit lectus orci. In tempor condimentum ex, quis convallis lectus luctus id. Maecenas vel leo ultricies, varius leo quis, commodo nisi. Aliquam eu faucibus leo. Praesent porttitor interdum pretium. Pellentesque ut pretium eros. Proin nunc nulla, tristique ut efficitur id, feugiat vel massa. Maecenas a nunc et nunc sodales ultrices vitae ut magna. Nunc interdum dictum orci auctor luctus. Quisque ultrices quis nulla in tincidunt. Aenean convallis felis quam, id vestibulum est lobortis quis. Lorem ipsum dolor sit amet, consectetur adipiscing elit. Vestibulum mi nunc, faucibus sit amet ipsum id, tincidunt elementum erat. Integer suscipit ornare volutpat. Morbi a consequat diam. Suspendisse posuere felis ac mi molestie cursus. Integer suscipit lectus orci. In tempor condimentum ex, quis convallis lectus luctus id. Maecenas vel leo ultricies, varius leo quis, commodo nisi. Aliquam eu faucibus leo. Praesent porttitor interdum pretium. Pellentesque ut pretium eros. Proin nunc nulla, tristique ut efficitur id, feugiat vel massa. Maecenas a nunc et nunc sodales ultrices vitae ut magna. Nunc interdum dictum orci auctor luctus. Quisque ultrices quis nulla in tincidunt. Aenean convallis felis quam, id vestibulum est lobortis quis."
Country 20,"Lorem ipsum dolor sit amet, consectetur adipiscing elit. Vestibulum mi nunc, faucibus sit amet ipsum id, tincidunt elementum erat. Integer suscipit ornare volutpat. Morbi a consequat diam. Suspendisse posuere felis ac mi molestie cursus. Integer suscipit lectus orci. In tempor condimentum ex, quis convallis lectus luctus id. Maecenas vel leo ultricies, varius leo quis, commodo nisi. Aliquam eu faucibus leo. Praesent porttitor interdum pretium. Pellentesque ut pretium eros. Proin nunc nulla, tristique ut efficitur id, feugiat vel massa. Maecenas a nunc et nunc sodales ultrices vitae ut magna. Nunc interdum dictum orci auctor luctus. Quisque ultrices quis nulla in tincidunt. Aenean convallis felis quam, id vestibulum est lobortis quis. Lorem ipsum dolor sit amet, consectetur adipiscing elit. Vestibulum mi nunc, faucibus sit amet ipsum id, tincidunt elementum erat. Integer suscipit ornare volutpat. Morbi a consequat diam. Suspendisse posuere felis ac mi molestie cursus. Integer suscipit lectus orci. In tempor condimentum ex, quis convallis lectus luctus id. Maecenas vel leo ultricies, varius leo quis, commodo nisi. Aliquam eu faucibus leo. Praesent porttitor interdum pretium. Pellentesque ut pretium eros. Proin nunc nulla, tristique ut efficitur id, feugiat vel massa. Maecenas a nunc et nunc sodales ultrices vitae ut magna. Nunc interdum dictum orci auctor luctus. Quisque ultrices quis nulla in tincidunt. Aenean convallis felis quam, id vestibulum est lobortis quis."
Country 21,"Lorem ipsum dolor sit amet, consectetur adipiscing elit. Vestibulum mi nunc, faucibus sit amet ipsum id, tincidunt elementum erat. Integer suscipit ornare volutpat. Morbi a consequat diam. Suspendisse posuere felis ac mi molestie cursus. Integer suscipit lectus orci. In tempor condimentum ex, quis convallis lectus luctus id. Maecenas vel leo ultricies, varius leo quis, commodo nisi. Aliquam eu faucibus leo. Praesent porttitor interdum pretium. Pellentesque ut pretium eros. Proin nunc nulla, tristique ut efficitur id, feugiat vel massa. Maecenas a nunc et nunc sodales ultrices vitae ut magna. Nunc interdum dictum orci auctor luctus. Quisque ultrices quis nulla in tincidunt. Aenean convallis felis quam, id vestibulum est lobortis quis. Lorem ipsum dolor sit amet, consectetur adipiscing elit. Vestibulum mi nunc, faucibus sit amet ipsum id, tincidunt elementum erat. Integer suscipit ornare volutpat. Morbi a consequat diam. Suspendisse posuere felis ac mi molestie cursus. Integer suscipit lectus orci. In tempor condimentum ex, quis convallis lectus luctus id. Maecenas vel leo ultricies, varius leo quis, commodo nisi. Aliquam eu faucibus leo. Praesent porttitor interdum pretium. Pellentesque ut pretium eros. Proin nunc nulla, tristique ut efficitur id, feugiat vel massa. Maecenas a nunc et nunc sodales ultrices vitae ut magna. Nunc interdum dictum orci auctor luctus. Quisque ultrices quis nulla in tincidunt. Aenean convallis felis quam, id vestibulum est lobortis quis."
Country 22,"Lorem ipsum dolor sit amet, consectetur adipiscing elit. Vestibulum mi nunc, faucibus sit amet ipsum id, tincidunt elementum erat. Integer suscipit ornare volutpat. Morbi a consequat diam. Suspendisse posuere felis ac mi molestie cursus. Integer suscipit lectus orci. In tempor condimentum ex, quis convallis lectus luctus id. Maecenas vel leo ultricies, varius leo quis, commodo nisi. Aliquam eu faucibus leo. Praesent porttitor interdum pretium. Pellentesque ut pretium eros. Proin nunc nulla, tristique ut efficitur id, feugiat vel massa. Maecenas a nunc et nunc sodales ultrices vitae ut magna. Nunc interdum dictum orci auctor luctus. Quisque ultrices quis nulla in tincidunt. Aenean convallis felis quam, id vestibulum est lobortis quis. Lorem ipsum dolor sit amet, consectetur adipiscing elit. Vestibulum mi nunc, faucibus sit amet ipsum id, tincidunt elementum erat. Integer suscipit ornare volutpat. Morbi a consequat diam. Suspendisse posuere felis ac mi molestie cursus. Integer suscipit lectus orci. In tempor condimentum ex, quis convallis lectus luctus id. Maecenas vel leo ultricies, varius leo quis, commodo nisi. Aliquam eu faucibus leo. Praesent porttitor interdum pretium. Pellentesque ut pretium eros. Proin nunc nulla, tristique ut efficitur id, feugiat vel massa. Maecenas a nunc et nunc sodales ultrices vitae ut magna. Nunc interdum dictum orci auctor luctus. Quisque ultrices quis nulla in tincidunt. Aenean convallis felis quam, id vestibulum est lobortis quis."
Country 23,"Lorem ipsum dolor sit amet, consectetur adipiscing elit. Vestibulum mi nunc, faucibus sit amet ipsum id, tincidunt elementum erat. Integer suscipit ornare volutpat. Morbi a consequat diam. Suspendisse posuere felis ac mi molestie cursus. Integer suscipit lectus orci. In tempor condimentum ex, quis convallis lectus luctus id. Maecenas vel leo ultricies, varius leo quis, commodo nisi. Aliquam eu faucibus leo. Praesent porttitor interdum pretium. Pellentesque ut pretium eros. Proin nunc nulla, tristique ut efficitur id, feugiat vel massa. Maecenas a nunc et nunc sodales ultrices vitae ut magna. Nunc interdum dictum orci auctor luctus. Quisque ultrices quis nulla in tincidunt. Aenean convallis felis quam, id vestibulum est lobortis quis. Lorem ipsum dolor sit amet, consectetur adipiscing elit. Vestibulum mi nunc, faucibus sit amet ipsum id, tincidunt elementum erat. Integer suscipit ornare volutpat. Morbi a consequat diam. Suspendisse posuere felis ac mi molestie cursus. Integer suscipit lectus orci. In tempor condimentum ex, quis convallis lectus luctus id. Maecenas vel leo ultricies, varius leo quis, commodo nisi. Aliquam eu faucibus leo. Praesent porttitor interdum pretium. Pellentesque ut pretium eros. Proin nunc nulla, tristique ut efficitur id, feugiat vel massa. Maecenas a nunc et nunc sodales ultrices vitae ut magna. Nunc interdum dictum orci auctor luctus. Quisque ultrices quis nulla in tincidunt. Aenean convallis felis quam, id vestibulum est lobortis quis."
Country 24,"Lorem ipsum dolor sit amet, consectetur adipiscing elit. Vestibulum mi nunc, faucibus sit amet ipsum id, tincidunt elementum erat. Integer suscipit ornare volutpat. Morbi a consequat diam. Suspendisse posuere felis ac mi molestie cursus. Integer suscipit lectus orci. In tempor condimentum ex, quis convallis lectus luctus id. Maecenas vel leo ultricies, varius leo quis, commodo nisi. Aliquam eu faucibus leo. Praesent porttitor interdum pretium. Pellentesque ut pretium eros. Proin nunc nulla, tristique ut efficitur id, feugiat vel massa. Maecenas a nunc et nunc sodales ultrices vitae ut magna. Nunc interdum dictum orci auctor luctus. Quisque ultrices quis nulla in tincidunt. Aenean convallis felis quam, id vestibulum est lobortis quis. Lorem ipsum dolor sit amet, consectetur adipiscing elit. Vestibulum mi nunc, faucibus sit amet ipsum id, tincidunt elementum erat. Integer suscipit ornare volutpat. Morbi a consequat diam. Suspendisse posuere felis ac mi molestie cursus. Integer suscipit lectus orci. In tempor condimentum ex, quis convallis lectus luctus id. Maecenas vel leo ultricies, varius leo quis, commodo nisi. Aliquam eu faucibus leo. Praesent porttitor interdum pretium. Pellentesque ut pretium eros. Proin nunc nulla, tristique ut efficitur id, feugiat vel massa. Maecenas a nunc et nunc sodales ultrices vitae ut magna. Nunc interdum dictum orci auctor luctus. Quisque ultrices quis nulla in tincidunt. Aenean convallis felis quam, id vestibulum est lobortis quis."
Country 25,"Lorem ipsum dolor sit amet, consectetur adipiscing elit. Vestibulum mi nunc, faucibus sit amet ipsum id, tincidunt elementum erat. Integer suscipit ornare volutpat. Morbi a consequat diam. Suspendisse posuere felis ac mi molestie cursus. Integer suscipit lectus orci. In tempor condimentum ex, quis convallis lectus luctus id. Maecenas vel leo ultricies, varius leo quis, commodo nisi. Aliquam eu faucibus leo. Praesent porttitor interdum pretium. Pellentesque ut pretium eros. Proin nunc nulla, tristique ut efficitur id, feugiat vel massa. Maecenas a nunc et nunc sodales ultrices vitae ut magna. Nunc interdum dictum orci auctor luctus. Quisque ultrices quis nulla in tincidunt. Aenean convallis felis quam, id vestibulum est lobortis quis. Lorem ipsum dolor sit amet, consectetur adipiscing elit. Vestibulum mi nunc, faucibus sit amet ipsum id, tincidunt elementum erat. Integer suscipit ornare volutpat. Morbi a consequat diam. Suspendisse posuere felis ac mi molestie cursus. Integer suscipit lectus orci. In tempor condimentum ex, quis convallis lectus luctus id. Maecenas vel leo ultricies, varius leo quis, commodo nisi. Aliquam eu faucibus leo. Praesent porttitor interdum pretium. Pellentesque ut pretium eros. Proin nunc nulla, tristique ut efficitur id, feugiat vel massa. Maecenas a nunc et nunc sodales ultrices vitae ut magna. Nunc interdum dictum orci auctor luctus. Quisque ultrices quis nulla in tincidunt. Aenean convallis felis quam, id vestibulum est lobortis quis."
Country 26,"Lorem ipsum dolor sit amet, consectetur adipiscing elit. Vestibulum mi nunc, faucibus sit amet ipsum id, tincidunt elementum erat. Integer suscipit ornare volutpat. Morbi a consequat diam. Suspendisse posuere felis ac mi molestie cursus. Integer suscipit lectus orci. In tempor condimentum ex, quis convallis lectus luctus id. Maecenas vel leo ultricies, varius leo quis, commodo nisi. Aliquam eu faucibus leo. Praesent porttitor interdum pretium. Pellentesque ut pretium eros. Proin nunc nulla, tristique ut efficitur id, feugiat vel massa. Maecenas a nunc et nunc sodales ultrices vitae ut magna. Nunc interdum dictum orci auctor luctus. Quisque ultrices quis nulla in tincidunt. Aenean convallis felis quam, id vestibulum est lobortis quis. Lorem ipsum dolor sit amet, consectetur adipiscing elit. Vestibulum mi nunc, faucibus sit amet ipsum id, tincidunt elementum erat. Integer suscipit ornare volutpat. Morbi a consequat diam. Suspendisse posuere felis ac mi molestie cursus. Integer suscipit lectus orci. In tempor condimentum ex, quis convallis lectus luctus id. Maecenas vel leo ultricies, varius leo quis, commodo nisi. Aliquam eu faucibus leo. Praesent porttitor interdum pretium. Pellentesque ut pretium eros. Proin nunc nulla, tristique ut efficitur id, feugiat vel massa. Maecenas a nunc et nunc sodales ultrices vitae ut magna. Nunc interdum dictum orci auctor luctus. Quisque ultrices quis nulla in tincidunt. Aenean convallis felis quam, id vestibulum est lobortis quis."
Country 27,"Lorem ipsum dolor sit amet, consectetur adipiscing elit. Vestibulum mi nunc, faucibus sit amet ipsum id, tincidunt elementum erat. Integer suscipit ornare volutpat. Morbi a consequat diam. Suspendisse posuere felis ac mi molestie cursus. Integer suscipit lectus orci. In tempor condimentum ex, quis convallis lectus luctus id. Maecenas vel leo ultricies, varius leo quis, commodo nisi. Aliquam eu faucibus leo. Praesent porttitor interdum pretium. Pellentesque ut pretium eros. Proin nunc nulla, tristique ut efficitur id, feugiat vel massa. Maecenas a nunc et nunc sodales ultrices vitae ut magna. Nunc interdum dictum orci auctor luctus. Quisque ultrices quis nulla in tincidunt. Aenean convallis felis quam, id vestibulum est lobortis quis. Lorem ipsum dolor sit amet, consectetur adipiscing elit. Vestibulum mi nunc, faucibus sit amet ipsum id, tincidunt elementum erat. Integer suscipit ornare volutpat. Morbi a consequat diam. Suspendisse posuere felis ac mi molestie cursus. Integer suscipit lectus orci. In tempor condimentum ex, quis convallis lectus luctus id. Maecenas vel leo ultricies, varius leo quis, commodo nisi. Aliquam eu faucibus leo. Praesent porttitor interdum pretium. Pellentesque ut pretium eros. Proin nunc nulla, tristique ut efficitur id, feugiat vel massa. Maecenas a nunc et nunc sodales ultrices vitae ut magna. Nunc interdum dictum orci auctor luctus. Quisque ultrices quis nulla in tincidunt. Aenean convallis felis quam, id vestibulum est lobortis quis."
Country 28,"Lorem ipsum dolor sit amet, consectetur adipiscing elit. Vestibulum mi nunc, faucibus sit amet ipsum id, tincidunt elementum erat. Integer suscipit ornare volutpat. Morbi a consequat diam. Suspendisse posuere felis ac mi molestie cursus. Integer suscipit lectus orci. In tempor condimentum ex, quis convallis lectus luctus id. Maecenas vel leo ultricies, varius leo quis, commodo nisi. Aliquam eu faucibus leo. Praesent porttitor interdum pretium. Pellentesque ut pretium eros. Proin nunc nulla, tristique ut efficitur id, feugiat vel massa. Maecenas a nunc et nunc sodales ultrices vitae ut magna. Nunc interdum dictum orci auctor luctus. Quisque ultrices quis nulla in tincidunt. Aenean convallis felis quam, id vestibulum est lobortis quis. Lorem ipsum dolor sit amet, consectetur adipiscing elit. Vestibulum mi nunc, faucibus sit amet ipsum id, tincidunt elementum erat. Integer suscipit ornare volutpat. Morbi a consequat diam. Suspendisse posuere felis ac mi molestie cursus. Integer suscipit lectus orci. In tempor condimentum ex, quis convallis lectus luctus id. Maecenas vel leo ultricies, varius leo quis, commodo nisi. Aliquam eu faucibus leo. Praesent porttitor interdum pretium. Pellentesque ut pretium eros. Proin nunc nulla, tristique ut efficitur id, feugiat vel massa. Maecenas a nunc et nunc sodales ultrices vitae ut magna. Nunc interdum dictum orci auctor luctus. Quisque ultrices quis nulla in tincidunt. Aenean convallis felis quam, id vestibulum est lobortis quis."
Country 29,"Lorem ipsum dolor sit amet, consectetur adipiscing elit. Vestibulum mi nunc, faucibus sit amet ipsum id, tincidunt elementum erat. Integer suscipit ornare volutpat. Morbi a consequat diam. Suspendisse posuere felis ac mi molestie cursus. Integer suscipit lectus orci. In tempor condimentum ex, quis convallis lectus luctus id. Maecenas vel leo ultricies, varius leo quis, commodo nisi. Aliquam eu faucibus leo. Praesent porttitor interdum pretium. Pellentesque ut pretium eros. Proin nunc nulla, tristique ut efficitur id, feugiat vel massa. Maecenas a nunc et nunc sodales ultrices vitae ut magna. Nunc interdum dictum orci auctor luctus. Quisque ultrices quis nulla in tincidunt. Aenean convallis felis quam, id vestibulum est lobortis quis. Lorem ipsum dolor sit amet, consectetur adipiscing elit. Vestibulum mi nunc, faucibus sit amet ipsum id, tincidunt elementum erat. Integer suscipit ornare volutpat. Morbi a consequat diam. Suspendisse posuere felis ac mi molestie cursus. Integer suscipit lectus orci. In tempor condimentum ex, quis convallis lectus luctus id. Maecenas vel leo ultricies, varius leo quis, commodo nisi. Aliquam eu faucibus leo. Praesent porttitor interdum pretium. Pellentesque ut pretium eros. Proin nunc nulla, tristique ut efficitur id, feugiat vel massa. Maecenas a nunc et nunc sodales ultrices vitae ut magna. Nunc interdum dictum orci auctor luctus. Quisque ultrices quis nulla in tincidunt. Aenean convallis felis quam, id vestibulum est lobortis quis."
Country 30,"Lorem ipsum dolor sit amet, consectetur adipiscing elit. Vestibulum mi nunc, faucibus sit amet ipsum id, tincidunt elementum erat. Integer suscipit ornare volutpat. Morbi a consequat diam. Suspendisse posuere felis ac mi molestie cursus. Integer suscipit lectus orci. In tempor condimentum ex, quis convallis lectus luctus id. Maecenas vel leo ultricies, varius leo quis, commodo nisi. Aliquam eu faucibus leo. Praesent porttitor interdum pretium. Pellentesque ut pretium eros. Proin nunc nulla, tristique ut efficitur id, feugiat vel massa. Maecenas a nunc et nunc sodales ultrices vitae ut magna. Nunc interdum dictum orci auctor luctus. Quisque ultrices quis nulla in tincidunt. Aenean convallis felis quam, id vestibulum est lobortis quis. Lorem ipsum dolor sit amet, consectetur adipiscing elit. Vestibulum mi nunc, faucibus sit amet ipsum id, tincidunt elementum erat. Integer suscipit ornare volutpat. Morbi a consequat diam. Suspendisse posuere felis ac mi molestie cursus. Integer suscipit lectus orci. In tempor condimentum ex, quis convallis lectus luctus id. Maecenas vel leo ultricies, varius leo quis, commodo nisi. Aliquam eu faucibus leo. Praesent porttitor interdum pretium. Pellentesque ut pretium eros. Proin nunc nulla, tristique ut efficitur id, feugiat vel massa. Maecenas a nunc et nunc sodales ultrices vitae ut magna. Nunc interdum dictum orci auctor luctus. Quisque ultrices quis nulla in tincidunt. Aenean convallis felis quam, id vestibulum est lobortis quis."
Country 31,"Lorem ipsum dolor sit amet, consectetur adipiscing elit. Vestibulum mi nunc, faucibus sit amet ipsum id, tincidunt elementum erat. Integer suscipit ornare volutpat. Morbi a consequat diam. Suspendisse posuere felis ac mi molestie cursus. Integer suscipit lectus orci. In tempor condimentum ex, quis convallis lectus luctus id. Maecenas vel leo ultricies, varius leo quis, commodo nisi. Aliquam eu faucibus leo. Praesent porttitor interdum pretium. Pellentesque ut pretium eros. Proin nunc nulla, tristique ut efficitur id, feugiat vel massa. Maecenas a nunc et nunc sodales ultrices vitae ut magna. Nunc interdum dictum orci auctor luctus. Quisque ultrices quis nulla in tincidunt. Aenean convallis felis quam, id vestibulum est lobortis quis. Lorem ipsum dolor sit amet, consectetur adipiscing elit. Vestibulum mi nunc, faucibus sit amet ipsum id, tincidunt elementum erat. Integer suscipit ornare volutpat. Morbi a consequat diam. Suspendisse posuere felis ac mi molestie cursus. Integer suscipit lectus orci. In tempor condimentum ex, quis convallis lectus luctus id. Maecenas vel leo ultricies, varius leo quis, commodo nisi. Aliquam eu faucibus leo. Praesent porttitor interdum pretium. Pellentesque ut pretium eros. Proin nunc nulla, tristique ut efficitur id, feugiat vel massa. Maecenas a nunc et nunc sodales ultrices vitae ut magna. Nunc interdum dictum orci auctor luctus. Quisque ultrices quis nulla in tincidunt. Aenean convallis felis quam, id vestibulum est lobortis quis."
Country 32,"Lorem ipsum dolor sit amet, consectetur adipiscing elit. Vestibulum mi nunc, faucibus sit amet ipsum id, tincidunt elementum erat. Integer suscipit ornare volutpat. Morbi a consequat diam. Suspendisse posuere felis ac mi molestie cursus. Integer suscipit lectus orci. In tempor condimentum ex, quis convallis lectus luctus id. Maecenas vel leo ultricies, varius leo quis, commodo nisi. Aliquam eu faucibus leo. Praesent porttitor interdum pretium. Pellentesque ut pretium eros. Proin nunc nulla, tristique ut efficitur id, feugiat vel massa. Maecenas a nunc et nunc sodales ultrices vitae ut magna. Nunc interdum dictum orci auctor luctus. Quisque ultrices quis nulla in tincidunt. Aenean convallis felis quam, id vestibulum est lobortis quis. Lorem ipsum dolor sit amet, consectetur adipiscing elit. Vestibulum mi nunc, faucibus sit amet ipsum id, tincidunt elementum erat. Integer suscipit ornare volutpat. Morbi a consequat diam. Suspendisse posuere felis ac mi molestie cursus. Integer suscipit lectus orci. In tempor condimentum ex, quis convallis lectus luctus id. Maecenas vel leo ultricies, varius leo quis, commodo nisi. Aliquam eu faucibus leo. Praesent porttitor interdum pretium. Pellentesque ut pretium eros. Proin nunc nulla, tristique ut efficitur id, feugiat vel massa. Maecenas a nunc et nunc sodales ultrices vitae ut magna. Nunc interdum dictum orci auctor luctus. Quisque ultrices quis nulla in tincidunt. Aenean convallis felis quam, id vestibulum est lobortis quis."
Country 33,"Lorem ipsum dolor sit amet, consectetur adipiscing elit. Vestibulum mi nunc, faucibus sit amet ipsum id, tincidunt elementum erat. Integer suscipit ornare volutpat. Morbi a consequat diam. Suspendisse posuere felis ac mi molestie cursus. Integer suscipit lectus orci. In tempor condimentum ex, quis convallis lectus luctus id. Maecenas vel leo ultricies, varius leo quis, commodo nisi. Aliquam eu faucibus leo. Praesent porttitor interdum pretium. Pellentesque ut pretium eros. Proin nunc nulla, tristique ut efficitur id, feugiat vel massa. Maecenas a nunc et nunc sodales ultrices vitae ut magna. Nunc interdum dictum orci auctor luctus. Quisque ultrices quis nulla in tincidunt. Aenean convallis felis quam, id vestibulum est lobortis quis. Lorem ipsum dolor sit amet, consectetur adipiscing elit. Vestibulum mi nunc, faucibus sit amet ipsum id, tincidunt elementum erat. Integer suscipit ornare volutpat. Morbi a consequat diam. Suspendisse posuere felis ac mi molestie cursus. Integer suscipit lectus orci. In tempor condimentum ex, quis convallis lectus luctus id. Maecenas vel leo ultricies, varius leo quis, commodo nisi. Aliquam eu faucibus leo. Praesent porttitor interdum pretium. Pellentesque ut pretium eros. Proin nunc nulla, tristique ut efficitur id, feugiat vel massa. Maecenas a nunc et nunc sodales ultrices vitae ut magna. Nunc interdum dictum orci auctor luctus. Quisque ultrices quis nulla in tincidunt. Aenean convallis felis quam, id vestibulum est lobortis quis."
Country 34,"Lorem ipsum dolor sit amet, consectetur adipiscing elit. Vestibulum mi nunc, faucibus sit amet ipsum id, tincidunt elementum erat. Integer suscipit ornare volutpat. Morbi a consequat diam. Suspendisse posuere felis ac mi molestie cursus. Integer suscipit lectus orci. In tempor condimentum ex, quis convallis lectus luctus id. Maecenas vel leo ultricies, varius leo quis, commodo nisi. Aliquam eu faucibus leo. Praesent porttitor interdum pretium. Pellentesque ut pretium eros. Proin nunc nulla, tristique ut efficitur id, feugiat vel massa. Maecenas a nunc et nunc sodales ultrices vitae ut magna. Nunc interdum dictum orci auctor luctus. Quisque ultrices quis nulla in tincidunt. Aenean convallis felis quam, id vestibulum est lobortis quis. Lorem ipsum dolor sit amet, consectetur adipiscing elit. Vestibulum mi nunc, faucibus sit amet ipsum id, tincidunt elementum erat. Integer suscipit ornare volutpat. Morbi a consequat diam. Suspendisse posuere felis ac mi molestie cursus. Integer suscipit lectus orci. In tempor condimentum ex, quis convallis lectus luctus id. Maecenas vel leo ultricies, varius leo quis, commodo nisi. Aliquam eu faucibus leo. Praesent porttitor interdum pretium. Pellentesque ut pretium eros. Proin nunc nulla, tristique ut efficitur id, feugiat vel massa. Maecenas a nunc et nunc sodales ultrices vitae ut magna. Nunc interdum dictum orci auctor luctus. Quisque ultrices quis nulla in tincidunt. Aenean convallis felis quam, id vestibulum est lobortis quis."
Country 35,"Lorem ipsum dolor sit amet, consectetur adipiscing elit. Vestibulum mi nunc, faucibus sit amet ipsum id, tincidunt elementum erat. Integer suscipit ornare volutpat. Morbi a consequat diam. Suspendisse posuere felis ac mi molestie cursus. Integer suscipit lectus orci. In tempor condimentum ex, quis convallis lectus luctus id. Maecenas vel leo ultricies, varius leo quis, commodo nisi. Aliquam eu faucibus leo. Praesent porttitor interdum pretium. Pellentesque ut pretium eros. Proin nunc nulla, tristique ut efficitur id, feugiat vel massa. Maecenas a nunc et nunc sodales ultrices vitae ut magna. Nunc interdum dictum orci auctor luctus. Quisque ultrices quis nulla in tincidunt. Aenean convallis felis quam, id vestibulum est lobortis quis. Lorem ipsum dolor sit amet, consectetur adipiscing elit. Vestibulum mi nunc, faucibus sit amet ipsum id, tincidunt elementum erat. Integer suscipit ornare volutpat. Morbi a consequat diam. Suspendisse posuere felis ac mi molestie cursus. Integer suscipit lectus orci. In tempor condimentum ex, quis convallis lectus luctus id. Maecenas vel leo ultricies, varius leo quis, commodo nisi. Aliquam eu faucibus leo. Praesent porttitor interdum pretium. Pellentesque ut pretium eros. Proin nunc nulla, tristique ut efficitur id, feugiat vel massa. Maecenas a nunc et nunc sodales ultrices vitae ut magna. Nunc interdum dictum orci auctor luctus. Quisque ultrices quis nulla in tincidunt. Aenean convallis felis quam, id vestibulum est lobortis quis."
Country 36,"Lorem ipsum dolor sit amet, consectetur adipiscing elit. Vestibulum mi nunc, faucibus sit amet ipsum id, tincidunt elementum erat. Integer suscipit ornare volutpat. Morbi a consequat diam. Suspendisse posuere felis ac mi molestie cursus. Integer suscipit lectus orci. In tempor condimentum ex, quis convallis lectus luctus id. Maecenas vel leo ultricies, varius leo quis, commodo nisi. Aliquam eu faucibus leo. Praesent porttitor interdum pretium. Pellentesque ut pretium eros. Proin nunc nulla, tristique ut efficitur id, feugiat vel massa. Maecenas a nunc et nunc sodales ultrices vitae ut magna. Nunc interdum dictum orci auctor luctus. Quisque ultrices quis nulla in tincidunt. Aenean convallis felis quam, id vestibulum est lobortis quis. Lorem ipsum dolor sit amet, consectetur adipiscing elit. Vestibulum mi nunc, faucibus sit amet ipsum id, tincidunt elementum erat. Integer suscipit ornare volutpat. Morbi a consequat diam. Suspendisse posuere felis ac mi molestie cursus. Integer suscipit lectus orci. In tempor condimentum ex, quis convallis lectus luctus id. Maecenas vel leo ultricies, varius leo quis, commodo nisi. Aliquam eu faucibus leo. Praesent porttitor interdum pretium. Pellentesque ut pretium eros. Proin nunc nulla, tristique ut efficitur id, feugiat vel massa. Maecenas a nunc et nunc sodales ultrices vitae ut magna. Nunc interdum dictum orci auctor luctus. Quisque ultrices quis nulla in tincidunt. Aenean convallis felis quam, id vestibulum est lobortis quis."
